[{"model": "admin.logentry", "pk": 1, "fields": {"action_time": "2024-01-29T11:30:19.516Z", "user": 1, "content_type": 9, "object_id": "1", "object_repr": "Fantasy", "action_flag": 1, "change_message": "[{\"added\": {}}]"}}, {"model": "admin.logentry", "pk": 2, "fields": {"action_time": "2024-01-29T11:30:23.410Z", "user": 1, "content_type": 9, "object_id": "2", "object_repr": "SF", "action_flag": 1, "change_message": "[{\"added\": {}}]"}}, {"model": "admin.logentry", "pk": 3, "fields": {"action_time": "2024-01-29T11:30:29.042Z", "user": 1, "content_type": 9, "object_id": "3", "object_repr": "Educational", "action_flag": 1, "change_message": "[{\"added\": {}}]"}}, {"model": "admin.logentry", "pk": 4, "fields": {"action_time": "2024-01-29T11:30:47.541Z", "user": 1, "content_type": 9, "object_id": "4", "object_repr": "Fintech", "action_flag": 1, "change_message": "[{\"added\": {}}]"}}, {"model": "admin.logentry", "pk": 5, "fields": {"action_time": "2024-01-29T11:30:52.314Z", "user": 1, "content_type": 9, "object_id": "5", "object_repr": "Courses", "action_flag": 1, "change_message": "[{\"added\": {}}]"}}, {"model": "admin.logentry", "pk": 6, "fields": {"action_time": "2024-01-29T11:32:02.004Z", "user": 1, "content_type": 7, "object_id": "1", "object_repr": "LOTR - The Two Towers", "action_flag": 1, "change_message": "[{\"added\": {}}]"}}, {"model": "admin.logentry", "pk": 7, "fields": {"action_time": "2024-01-29T13:10:53.608Z", "user": 1, "content_type": 4, "object_id": "1", "object_repr": "admin", "action_flag": 2, "change_message": "[{\"changed\": {\"fields\": [\"User permissions\"]}}]"}}, {"model": "admin.logentry", "pk": 8, "fields": {"action_time": "2024-01-29T13:11:47.007Z", "user": 1, "content_type": 7, "object_id": "2", "object_repr": "Red r", "action_flag": 1, "change_message": "[{\"added\": {}}]"}}, {"model": "admin.logentry", "pk": 9, "fields": {"action_time": "2024-01-30T07:58:44.188Z", "user": 1, "content_type": 7, "object_id": "2", "object_repr": "Red rising", "action_flag": 2, "change_message": "[{\"changed\": {\"fields\": [\"Title\", \"Quantity\"]}}]"}}, {"model": "admin.logentry", "pk": 10, "fields": {"action_time": "2024-01-30T07:58:53.209Z", "user": 1, "content_type": 7, "object_id": "1", "object_repr": "LOTR - The Two Towers", "action_flag": 2, "change_message": "[{\"changed\": {\"fields\": [\"Quantity\"]}}]"}}, {"model": "admin.logentry", "pk": 11, "fields": {"action_time": "2024-01-30T07:59:49.493Z", "user": 1, "content_type": 7, "object_id": "3", "object_repr": "Proiectul Hail Mary", "action_flag": 1, "change_message": "[{\"added\": {}}]"}}, {"model": "admin.logentry", "pk": 12, "fields": {"action_time": "2024-01-30T08:00:20.558Z", "user": 1, "content_type": 7, "object_id": "4", "object_repr": "Fundatia", "action_flag": 1, "change_message": "[{\"added\": {}}]"}}, {"model": "admin.logentry", "pk": 13, "fields": {"action_time": "2024-01-30T08:01:06.103Z", "user": 1, "content_type": 7, "object_id": "5", "object_repr": "Robotii vol.4", "action_flag": 1, "change_message": "[{\"added\": {}}]"}}, {"model": "admin.logentry", "pk": 14, "fields": {"action_time": "2024-01-30T08:01:42.722Z", "user": 1, "content_type": 7, "object_id": "6", "object_repr": "Python 101", "action_flag": 1, "change_message": "[{\"added\": {}}]"}}, {"model": "admin.logentry", "pk": 15, "fields": {"action_time": "2024-01-30T08:02:15.005Z", "user": 1, "content_type": 7, "object_id": "7", "object_repr": "Fintech 101", "action_flag": 1, "change_message": "[{\"added\": {}}]"}}, {"model": "admin.logentry", "pk": 16, "fields": {"action_time": "2024-01-30T08:03:03.580Z", "user": 1, "content_type": 7, "object_id": "8", "object_repr": "Personal MBA", "action_flag": 1, "change_message": "[{\"added\": {}}]"}}, {"model": "admin.logentry", "pk": 17, "fields": {"action_time": "2024-01-30T08:04:08.144Z", "user": 1, "content_type": 7, "object_id": "9", "object_repr": "Future of finance", "action_flag": 1, "change_message": "[{\"added\": {}}]"}}, {"model": "admin.logentry", "pk": 18, "fields": {"action_time": "2024-01-30T08:07:07.663Z", "user": 1, "content_type": 7, "object_id": "2", "object_repr": "Red rising", "action_flag": 2, "change_message": "[{\"changed\": {\"fields\": [\"Author\"]}}]"}}, {"model": "admin.logentry", "pk": 19, "fields": {"action_time": "2024-01-31T11:15:30.268Z", "user": 1, "content_type": 7, "object_id": "11", "object_repr": "ade", "action_flag": 3, "change_message": ""}}, {"model": "admin.logentry", "pk": 20, "fields": {"action_time": "2024-01-31T11:15:30.334Z", "user": 1, "content_type": 7, "object_id": "10", "object_repr": "dsf", "action_flag": 3, "change_message": ""}}, {"model": "admin.logentry", "pk": 21, "fields": {"action_time": "2024-01-31T12:55:33.014Z", "user": 1, "content_type": 12, "object_id": "1", "object_repr": "Recenzie object (1)", "action_flag": 1, "change_message": "[{\"added\": {}}]"}}, {"model": "admin.logentry", "pk": 22, "fields": {"action_time": "2024-01-31T12:55:44.285Z", "user": 1, "content_type": 12, "object_id": "2", "object_repr": "Recenzie object (2)", "action_flag": 1, "change_message": "[{\"added\": {}}]"}}, {"model": "admin.logentry", "pk": 23, "fields": {"action_time": "2024-01-31T13:58:33.862Z", "user": 1, "content_type": 12, "object_id": "11", "object_repr": "Recenzie object (11)", "action_flag": 3, "change_message": ""}}, {"model": "admin.logentry", "pk": 24, "fields": {"action_time": "2024-01-31T13:58:33.931Z", "user": 1, "content_type": 12, "object_id": "10", "object_repr": "Recenzie object (10)", "action_flag": 3, "change_message": ""}}, {"model": "admin.logentry", "pk": 25, "fields": {"action_time": "2024-01-31T13:58:33.940Z", "user": 1, "content_type": 12, "object_id": "9", "object_repr": "Recenzie object (9)", "action_flag": 3, "change_message": ""}}, {"model": "admin.logentry", "pk": 26, "fields": {"action_time": "2024-01-31T13:58:33.949Z", "user": 1, "content_type": 12, "object_id": "8", "object_repr": "Recenzie object (8)", "action_flag": 3, "change_message": ""}}, {"model": "admin.logentry", "pk": 27, "fields": {"action_time": "2024-01-31T13:58:33.958Z", "user": 1, "content_type": 12, "object_id": "7", "object_repr": "Recenzie object (7)", "action_flag": 3, "change_message": ""}}, {"model": "admin.logentry", "pk": 28, "fields": {"action_time": "2024-01-31T13:58:33.965Z", "user": 1, "content_type": 12, "object_id": "6", "object_repr": "Recenzie object (6)", "action_flag": 3, "change_message": ""}}, {"model": "admin.logentry", "pk": 29, "fields": {"action_time": "2024-01-31T13:58:33.972Z", "user": 1, "content_type": 12, "object_id": "5", "object_repr": "Recenzie object (5)", "action_flag": 3, "change_message": ""}}, {"model": "admin.logentry", "pk": 30, "fields": {"action_time": "2024-01-31T13:58:33.978Z", "user": 1, "content_type": 12, "object_id": "4", "object_repr": "Recenzie object (4)", "action_flag": 3, "change_message": ""}}, {"model": "admin.logentry", "pk": 31, "fields": {"action_time": "2024-01-31T13:58:33.984Z", "user": 1, "content_type": 12, "object_id": "3", "object_repr": "Recenzie object (3)", "action_flag": 3, "change_message": ""}}, {"model": "admin.logentry", "pk": 32, "fields": {"action_time": "2024-01-31T13:58:33.989Z", "user": 1, "content_type": 12, "object_id": "2", "object_repr": "Recenzie object (2)", "action_flag": 3, "change_message": ""}}, {"model": "admin.logentry", "pk": 33, "fields": {"action_time": "2024-01-31T13:58:33.996Z", "user": 1, "content_type": 12, "object_id": "1", "object_repr": "Recenzie object (1)", "action_flag": 3, "change_message": ""}}, {"model": "auth.permission", "pk": 1, "fields": {"name": "Can add log entry", "content_type": 1, "codename": "add_logentry"}}, {"model": "auth.permission", "pk": 2, "fields": {"name": "Can change log entry", "content_type": 1, "codename": "change_logentry"}}, {"model": "auth.permission", "pk": 3, "fields": {"name": "Can delete log entry", "content_type": 1, "codename": "delete_logentry"}}, {"model": "auth.permission", "pk": 4, "fields": {"name": "Can view log entry", "content_type": 1, "codename": "view_logentry"}}, {"model": "auth.permission", "pk": 5, "fields": {"name": "Can add permission", "content_type": 2, "codename": "add_permission"}}, {"model": "auth.permission", "pk": 6, "fields": {"name": "Can change permission", "content_type": 2, "codename": "change_permission"}}, {"model": "auth.permission", "pk": 7, "fields": {"name": "Can delete permission", "content_type": 2, "codename": "delete_permission"}}, {"model": "auth.permission", "pk": 8, "fields": {"name": "Can view permission", "content_type": 2, "codename": "view_permission"}}, {"model": "auth.permission", "pk": 9, "fields": {"name": "Can add group", "content_type": 3, "codename": "add_group"}}, {"model": "auth.permission", "pk": 10, "fields": {"name": "Can change group", "content_type": 3, "codename": "change_group"}}, {"model": "auth.permission", "pk": 11, "fields": {"name": "Can delete group", "content_type": 3, "codename": "delete_group"}}, {"model": "auth.permission", "pk": 12, "fields": {"name": "Can view group", "content_type": 3, "codename": "view_group"}}, {"model": "auth.permission", "pk": 13, "fields": {"name": "Can add user", "content_type": 4, "codename": "add_user"}}, {"model": "auth.permission", "pk": 14, "fields": {"name": "Can change user", "content_type": 4, "codename": "change_user"}}, {"model": "auth.permission", "pk": 15, "fields": {"name": "Can delete user", "content_type": 4, "codename": "delete_user"}}, {"model": "auth.permission", "pk": 16, "fields": {"name": "Can view user", "content_type": 4, "codename": "view_user"}}, {"model": "auth.permission", "pk": 17, "fields": {"name": "Can add content type", "content_type": 5, "codename": "add_contenttype"}}, {"model": "auth.permission", "pk": 18, "fields": {"name": "Can change content type", "content_type": 5, "codename": "change_contenttype"}}, {"model": "auth.permission", "pk": 19, "fields": {"name": "Can delete content type", "content_type": 5, "codename": "delete_contenttype"}}, {"model": "auth.permission", "pk": 20, "fields": {"name": "Can view content type", "content_type": 5, "codename": "view_contenttype"}}, {"model": "auth.permission", "pk": 21, "fields": {"name": "Can add session", "content_type": 6, "codename": "add_session"}}, {"model": "auth.permission", "pk": 22, "fields": {"name": "Can change session", "content_type": 6, "codename": "change_session"}}, {"model": "auth.permission", "pk": 23, "fields": {"name": "Can delete session", "content_type": 6, "codename": "delete_session"}}, {"model": "auth.permission", "pk": 24, "fields": {"name": "Can view session", "content_type": 6, "codename": "view_session"}}, {"model": "auth.permission", "pk": 25, "fields": {"name": "Can add book", "content_type": 7, "codename": "add_book"}}, {"model": "auth.permission", "pk": 26, "fields": {"name": "Can change book", "content_type": 7, "codename": "change_book"}}, {"model": "auth.permission", "pk": 27, "fields": {"name": "Can delete book", "content_type": 7, "codename": "delete_book"}}, {"model": "auth.permission", "pk": 28, "fields": {"name": "Can view book", "content_type": 7, "codename": "view_book"}}, {"model": "auth.permission", "pk": 29, "fields": {"name": "Can add cart", "content_type": 8, "codename": "add_cart"}}, {"model": "auth.permission", "pk": 30, "fields": {"name": "Can change cart", "content_type": 8, "codename": "change_cart"}}, {"model": "auth.permission", "pk": 31, "fields": {"name": "Can delete cart", "content_type": 8, "codename": "delete_cart"}}, {"model": "auth.permission", "pk": 32, "fields": {"name": "Can view cart", "content_type": 8, "codename": "view_cart"}}, {"model": "auth.permission", "pk": 33, "fields": {"name": "Can add genre", "content_type": 9, "codename": "add_genre"}}, {"model": "auth.permission", "pk": 34, "fields": {"name": "Can change genre", "content_type": 9, "codename": "change_genre"}}, {"model": "auth.permission", "pk": 35, "fields": {"name": "Can delete genre", "content_type": 9, "codename": "delete_genre"}}, {"model": "auth.permission", "pk": 36, "fields": {"name": "Can view genre", "content_type": 9, "codename": "view_genre"}}, {"model": "auth.permission", "pk": 37, "fields": {"name": "Can add customer", "content_type": 10, "codename": "add_customer"}}, {"model": "auth.permission", "pk": 38, "fields": {"name": "Can change customer", "content_type": 10, "codename": "change_customer"}}, {"model": "auth.permission", "pk": 39, "fields": {"name": "Can delete customer", "content_type": 10, "codename": "delete_customer"}}, {"model": "auth.permission", "pk": 40, "fields": {"name": "Can view customer", "content_type": 10, "codename": "view_customer"}}, {"model": "auth.permission", "pk": 41, "fields": {"name": "Can add cart item", "content_type": 11, "codename": "add_cartitem"}}, {"model": "auth.permission", "pk": 42, "fields": {"name": "Can change cart item", "content_type": 11, "codename": "change_cartitem"}}, {"model": "auth.permission", "pk": 43, "fields": {"name": "Can delete cart item", "content_type": 11, "codename": "delete_cartitem"}}, {"model": "auth.permission", "pk": 44, "fields": {"name": "Can view cart item", "content_type": 11, "codename": "view_cartitem"}}, {"model": "auth.permission", "pk": 45, "fields": {"name": "Can add recenzie", "content_type": 12, "codename": "add_recenzie"}}, {"model": "auth.permission", "pk": 46, "fields": {"name": "Can change recenzie", "content_type": 12, "codename": "change_recenzie"}}, {"model": "auth.permission", "pk": 47, "fields": {"name": "Can delete recenzie", "content_type": 12, "codename": "delete_recenzie"}}, {"model": "auth.permission", "pk": 48, "fields": {"name": "Can view recenzie", "content_type": 12, "codename": "view_recenzie"}}, {"model": "auth.permission", "pk": 49, "fields": {"name": "Can add contact", "content_type": 13, "codename": "add_contact"}}, {"model": "auth.permission", "pk": 50, "fields": {"name": "Can change contact", "content_type": 13, "codename": "change_contact"}}, {"model": "auth.permission", "pk": 51, "fields": {"name": "Can delete contact", "content_type": 13, "codename": "delete_contact"}}, {"model": "auth.permission", "pk": 52, "fields": {"name": "Can view contact", "content_type": 13, "codename": "view_contact"}}, {"model": "auth.user", "pk": 1, "fields": {"password": "pbkdf2_sha256$720000$ie0DOKakReJzsFtMvpzyrn$UHQcWVOlJdEiDe1/LlzPWUhiMIe8U6S6P8o12vnxAhc=", "last_login": "2024-03-19T17:22:24.279Z", "is_superuser": true, "username": "admin", "first_name": "", "last_name": "", "email": "admin@admin.ro", "is_staff": true, "is_active": true, "date_joined": "2024-01-29T11:11:26Z", "groups": [], "user_permissions": [25]}}, {"model": "auth.user", "pk": 2, "fields": {"password": "pbkdf2_sha256$720000$GRVSfSjb3hLcJeVZQcChXp$WiGsOMMYGSElWGUH1M8wixr0s9gHEnvBqinEaOvUXrc=", "last_login": "2024-03-19T17:21:04.493Z", "is_superuser": false, "username": "adrian", "first_name": "", "last_name": "", "email": "", "is_staff": false, "is_active": true, "date_joined": "2024-01-29T11:42:07.402Z", "groups": [], "user_permissions": []}}, {"model": "auth.user", "pk": 3, "fields": {"password": "pbkdf2_sha256$720000$Q7d9Y2gaQEAr9lFxpPWXJ4$ralJMy5Cid7zWeH2K98FFHZTZIDDp4WD+GpT56MJ7/4=", "last_login": "2024-02-05T18:56:26.723Z", "is_superuser": false, "username": "iulia", "first_name": "", "last_name": "", "email": "", "is_staff": false, "is_active": true, "date_joined": "2024-01-29T12:58:37.394Z", "groups": [], "user_permissions": []}}, {"model": "auth.user", "pk": 4, "fields": {"password": "pbkdf2_sha256$720000$uxvtxPw3JGmFln35gtQlBn$UcchEjwqtdxwla9cS2nWqeHrfMh9k6EtmKSokZizyjQ=", "last_login": "2024-02-05T12:15:50.886Z", "is_superuser": false, "username": "iulia2", "first_name": "", "last_name": "", "email": "", "is_staff": false, "is_active": true, "date_joined": "2024-02-05T12:15:37.063Z", "groups": [], "user_permissions": []}}, {"model": "auth.user", "pk": 5, "fields": {"password": "pbkdf2_sha256$720000$1mgj8MXoRGrokrmyA9Q5K4$zza0dJ6VVGM/iu4NJuzkgP0PNq0bJOX2eN2NDUDHCQo=", "last_login": "2024-02-08T18:49:32.266Z", "is_superuser": false, "username": "Andrew", "first_name": "", "last_name": "", "email": "", "is_staff": false, "is_active": true, "date_joined": "2024-02-08T18:49:08.451Z", "groups": [], "user_permissions": []}}, {"model": "contenttypes.contenttype", "pk": 1, "fields": {"app_label": "admin", "model": "logentry"}}, {"model": "contenttypes.contenttype", "pk": 2, "fields": {"app_label": "auth", "model": "permission"}}, {"model": "contenttypes.contenttype", "pk": 3, "fields": {"app_label": "auth", "model": "group"}}, {"model": "contenttypes.contenttype", "pk": 4, "fields": {"app_label": "auth", "model": "user"}}, {"model": "contenttypes.contenttype", "pk": 5, "fields": {"app_label": "contenttypes", "model": "contenttype"}}, {"model": "contenttypes.contenttype", "pk": 6, "fields": {"app_label": "sessions", "model": "session"}}, {"model": "contenttypes.contenttype", "pk": 7, "fields": {"app_label": "core_lib", "model": "book"}}, {"model": "contenttypes.contenttype", "pk": 8, "fields": {"app_label": "core_lib", "model": "cart"}}, {"model": "contenttypes.contenttype", "pk": 9, "fields": {"app_label": "core_lib", "model": "genre"}}, {"model": "contenttypes.contenttype", "pk": 10, "fields": {"app_label": "core_lib", "model": "customer"}}, {"model": "contenttypes.contenttype", "pk": 11, "fields": {"app_label": "core_lib", "model": "cartitem"}}, {"model": "contenttypes.contenttype", "pk": 12, "fields": {"app_label": "core_lib", "model": "recenzie"}}, {"model": "contenttypes.contenttype", "pk": 13, "fields": {"app_label": "core_lib", "model": "contact"}}, {"model": "sessions.session", "pk": "6zarwwvxhjz7sich9gjknk63gqlp2su3", "fields": {"session_data": ".eJxVjMsOwiAURP-FtSFeKAVcuvcbmvsAqRqalHZl_HfbpAvdTeacmbcacF3KsLY0D6OoizLq9NsR8jPVHcgD633SPNVlHknvij5o07dJ0ut6uH8HBVvZ1jlE0xEEtucMwUu0TECAxNJ13rkcjXdk2FFIW-zBZo8UBUFszz2ozxfgKzfY:1raecX:iHPYo6Rm57FMuU_OdtFmAJETcooFJFy43y32IV56YCQ", "expire_date": "2024-02-29T16:29:57.032Z"}}, {"model": "sessions.session", "pk": "8u2764qtf90c0ks5tbesov85t4mdz1hs", "fields": {"session_data": ".eJxVjMsOwiAURP-FtSFeKAVcuvcbmvsAqRqalHZl_HfbpAvdTeacmbcacF3KsLY0D6OoizLq9NsR8jPVHcgD633SPNVlHknvij5o07dJ0ut6uH8HBVvZ1jlE0xEEtucMwUu0TECAxNJ13rkcjXdk2FFIW-zBZo8UBUFszz2ozxfgKzfY:1rVGBx:4TmHM6SeuD4OzYqJ48BypU2MqO1b5Ncb0z64EHZVdeI", "expire_date": "2024-02-14T19:24:13.587Z"}}, {"model": "sessions.session", "pk": "iy909jw9wjp7gcahtogku5chef1ypsic", "fields": {"session_data": ".eJxVjEEOwiAQRe_C2pCBMhBcuvcMZGCmUjU0Ke3KeHdt0oVu_3vvv1Siba1p67KkidVZGXX63TKVh7Qd8J3abdZlbusyZb0r-qBdX2eW5-Vw_w4q9fqtcwnBAOAwFAT2ziGNjE6sy94KMAYvEQvaCMAUzOijIIGLxoIgsnp_AMVeNwU:1rX49B:r76enyXFM_IibD3wSWzENmTEKobE22KX_jSUoRfLvFw", "expire_date": "2024-02-19T18:56:49.385Z"}}, {"model": "sessions.session", "pk": "tmcadnm0m98ia3et3bej629qg6n3yqee", "fields": {"session_data": ".eJxVjMsOwiAURP-FtSFeKAVcuvcbmvsAqRqalHZl_HfbpAvdTeacmbcacF3KsLY0D6OoizLq9NsR8jPVHcgD633SPNVlHknvij5o07dJ0ut6uH8HBVvZ1jlE0xEEtucMwUu0TECAxNJ13rkcjXdk2FFIW-zBZo8UBUFszz2ozxfgKzfY:1rXOHR:pRJV4WTVgzib6FifUQojyuTD4ImWwzDlZkIFP_XI-d8", "expire_date": "2024-02-20T16:26:41.250Z"}}, {"model": "core_lib.genre", "pk": 1, "fields": {"name": "Fantasy"}}, {"model": "core_lib.genre", "pk": 2, "fields": {"name": "SF"}}, {"model": "core_lib.genre", "pk": 3, "fields": {"name": "Educational"}}, {"model": "core_lib.genre", "pk": 4, "fields": {"name": "Fintech"}}, {"model": "core_lib.genre", "pk": 5, "fields": {"name": "Courses"}}, {"model": "core_lib.book", "pk": 1, "fields": {"title": "LOTR - The Two Towers", "author": "Tolkien", "image": "book_images/12.jpg", "quantity": 6, "rented_at": "2024-01-31T10:53:18.815Z", "due_date": "2024-02-01T10:53:18.815Z", "total_orders": 3, "genres": [1]}}, {"model": "core_lib.book", "pk": 2, "fields": {"title": "Red rising", "author": "Dan Brown", "image": "book_images/15839976.jpg", "quantity": 7, "rented_at": "2024-02-01T08:22:14.889Z", "due_date": "2024-02-02T08:22:14.889Z", "total_orders": 0, "genres": [2]}}, {"model": "core_lib.book", "pk": 3, "fields": {"title": "Proiectul Hail Mary", "author": "ANDY WEIR", "image": "book_images/2111047604-0-240.jpeg", "quantity": 4, "rented_at": "2024-01-31T10:54:22.409Z", "due_date": "2024-02-01T10:54:22.409Z", "total_orders": 1, "genres": [1, 2]}}, {"model": "core_lib.book", "pk": 4, "fields": {"title": "Fundatia", "author": "Asimov", "image": "book_images/foundation.jpg", "quantity": 8, "rented_at": "2024-01-31T10:51:46.014Z", "due_date": "2024-02-01T10:51:46.014Z", "total_orders": 0, "genres": [2]}}, {"model": "core_lib.book", "pk": 5, "fields": {"title": "Robotii vol.4", "author": "Asimov", "image": "book_images/27201349-1.jpg", "quantity": 5, "rented_at": "2024-02-01T10:03:45.227Z", "due_date": "2024-02-02T10:03:45.227Z", "total_orders": 0, "genres": [2]}}, {"model": "core_lib.book", "pk": 6, "fields": {"title": "Python 101", "author": "Andrei Coman", "image": "book_images/15499290-1.jpg", "quantity": 5, "rented_at": "2024-02-06T16:23:20.617Z", "due_date": "2024-02-07T16:23:20.617Z", "total_orders": 3, "genres": [3, 5]}}, {"model": "core_lib.book", "pk": 7, "fields": {"title": "Fintech 101", "author": "Cosmin Cosma", "image": "book_images/10968590-1.jpg", "quantity": 9, "rented_at": "2024-02-16T13:45:57.285Z", "due_date": "2024-02-17T13:45:57.285Z", "total_orders": 1, "genres": [3, 4, 5]}}, {"model": "core_lib.book", "pk": 8, "fields": {"title": "Personal MBA", "author": "Cosmin Cosma", "image": "book_images/734831603-0-240.png", "quantity": 3, "rented_at": "2024-01-31T13:55:10.413Z", "due_date": "2024-02-01T13:55:10.413Z", "total_orders": 0, "genres": [3, 5]}}, {"model": "core_lib.book", "pk": 9, "fields": {"title": "Future of finance", "author": "Cosmin Cosma", "image": "book_images/41hc9MckCiL._SL500_.jpg", "quantity": 4, "rented_at": "2024-02-01T10:12:23.988Z", "due_date": "2024-02-02T10:12:23.988Z", "total_orders": 1, "genres": [3, 4, 5]}}, {"model": "core_lib.book", "pk": 13, "fields": {"title": "Dune 2", "author": "herbert", "image": "book_images/15499290-1_n0rd5PG.jpg", "quantity": 10, "rented_at": "2024-03-19T17:22:55.345Z", "due_date": "2024-03-20T19:22:55.344Z", "total_orders": 0, "genres": [2]}}, {"model": "core_lib.recenzie", "pk": 12, "fields": {"book": 1, "user": 2, "rating": 5, "titlu": "buna", "descriere": "merge"}}, {"model": "core_lib.recenzie", "pk": 13, "fields": {"book": 1, "user": 3, "rating": 4, "titlu": "buna si asta", "descriere": "asd"}}, {"model": "core_lib.recenzie", "pk": 14, "fields": {"book": 1, "user": 2, "rating": 4, "titlu": "the best", "descriere": "yes"}}, {"model": "core_lib.customer", "pk": 1, "fields": {"user": 2, "name": "Adrian", "email": "drinceanuadrian@gmail.com", "date_created": "2024-01-29T11:42:08.042Z"}}, {"model": "core_lib.customer", "pk": 2, "fields": {"user": 3, "name": "Iulia Drinceanu", "email": "iulia.c.drinceanu@gmail.com", "date_created": "2024-01-29T12:58:38.034Z"}}, {"model": "core_lib.customer", "pk": 3, "fields": {"user": 4, "name": "julie", "email": "drincean2uadrian@gmail.com", "date_created": "2024-02-05T12:15:37.655Z"}}, {"model": "core_lib.customer", "pk": 4, "fields": {"user": 5, "name": "Andrew Coman", "email": "drincadseanuadrian@gmail.com", "date_created": "2024-02-08T18:49:09.193Z"}}, {"model": "core_lib.cart", "pk": 1, "fields": {"customer": 1}}, {"model": "core_lib.cart", "pk": 2, "fields": {"customer": 2}}, {"model": "core_lib.cartitem", "pk": 22, "fields": {"cart": 2, "book": 8, "quantity_ordered": 1}}, {"model": "core_lib.cartitem", "pk": 23, "fields": {"cart": 2, "book": 9, "quantity_ordered": 1}}, {"model": "core_lib.cartitem", "pk": 24, "fields": {"cart": 2, "book": 1, "quantity_ordered": 1}}, {"model": "core_lib.cartitem", "pk": 33, "fields": {"cart": 1, "book": 7, "quantity_ordered": 1}}, {"model": "core_lib.contact", "pk": 6, "fields": {"nume": "Drinceanu Adrian", "email": "adrian@drincenii.ro", "rented": "no", "rented_books": "Red rising", "liked_books": "Da, destul de fain", "subiect": "asdasd", "mesaj": "asdasd"}}, {"model": "core_lib.contact", "pk": 7, "fields": {"nume": "Drinceanu Adrian", "email": "adrian@drincenii.ro", "rented": "no", "rented_books": "Red rising", "liked_books": "Da, destul de fain", "subiect": "asdasd", "mesaj": "asdasd"}}, {"model": "core_lib.contact", "pk": 8, "fields": {"nume": "Drinceanu Adrian", "email": "adrian@drincenii.ro", "rented": "no", "rented_books": "Red rising", "liked_books": "Da, destul de fain", "subiect": "asdasd", "mesaj": "asdasd"}}, {"model": "core_lib.contact", "pk": 9, "fields": {"nume": "Drinceanu Adrian", "email": "adrian@drincenii.ro", "rented": "no", "rented_books": "Red rising", "liked_books": "Da, destul de fain", "subiect": "asdasd", "mesaj": "asdasd"}}, {"model": "core_lib.contact", "pk": 10, "fields": {"nume": "Drinceanu Adrian", "email": "adrian@drincenii.ro", "rented": "no", "rented_books": "Red rising", "liked_books": "Da, destul de fain", "subiect": "asdasd", "mesaj": "asdasd"}}, {"model": "core_lib.contact", "pk": 11, "fields": {"nume": "Drinceanu Adrian", "email": "salut@drincenii.ro", "rented": "", "rented_books": "", "liked_books": "", "subiect": "subiect", "mesaj": "mesaj"}}, {"model": "core_lib.contact", "pk": 12, "fields": {"nume": "Drinceanu Adrian", "email": "adrian@drincenii.ro", "rented": "yes", "rented_books": "Red rising", "liked_books": "Da, destul de fain", "subiect": "subiect", "mesaj": "mesajasd"}}, {"model": "core_lib.contact", "pk": 13, "fields": {"nume": "Iulia Drinceanu", "email": "iulia.c.drinceanu@gmail.com", "rented": "yes", "rented_books": "Red rising", "liked_books": "Da, destul de fain", "subiect": "subiect", "mesaj": "asdasdasdasdmesaj"}}, {"model": "core_lib.contact", "pk": 14, "fields": {"nume": "Drinceanu Adrian", "email": "adrian@drincenii.ro", "rented": "yes", "rented_books": "Red rising", "liked_books": "Da, destul de fain", "subiect": "subiect", "mesaj": "asd"}}]